,Symbol,Current_Price,Engullfin,Trustinline,TweezerBottom,RsiComparator,RsiComparatorTreand,ConsolNarrowRange,BreakoutNarrowRange,BreakoutWideRange,LifeTimeHighZone,VPConvergence,VPDivergence,SellingClimax,PickVolumeBreakout
0,CNXAUTO,,,,,,,,,,,,,,
1,CNXPHARMA,,,,,,,,,,,,,,
2,CNXINFRA,,,,,,,,,,,,,,
3,CNXPSUBANK,,,,,,,,,,,,,,
4,CNXSMALLCAP,,,,,,,,,,,,,,
5,CNXFINANCE,,,,,,,,,,,,,,
6,CNXCONSUMPTION,,,,,,,,,,,,,,
7,CNXPSE,,,,,,,,,,,,,,
8,CNXFMCG,,,,,,,,,,,,,,
9,CNXMEDIA,,,,,,,,,,,,,,
10,CNXSERVICE,,,,,,,,,,,,,,
11,CNXENERGY,,,,,,,,,,,,,,
12,CNXIT,,,,,,,,,,,,,,
13,CNXMETAL,,,,,,,,,,,,,,
